Id,Name
0,Winni Braz
1,Michail Crookes
2,Pattin Lindgren
3,Leona Varty
4,Eli Karpov
5,Friedrich Willas
6,Heath Jelliman
7,Kathy Laurentin
8,Joletta Frisel
9,Ailsun Mealiffe
10,Viole Lintot
11,Glynda Sedgeman
12,Lyndsay Byne
13,Giffer Buttery
14,Les Robelin
15,Man O'Kieran
16,Cherilyn Borzone
17,Dorie Godlee
18,Dorotea Shipley
19,Margery Sansam
20,Kit Dansey
21,Nevins Syrad
22,Ambur Graal
23,Olav Capeling
24,Finlay Berthod
25,Theobald Pucknell
26,Ramona Devonshire
27,Oswell Fass
28,Jillane Mangenot
29,Janina Fillis
30,Mariel Pinar
31,Kirby Alans
32,Rivkah Georgievski
33,Deloris Odams
34,Lucio Forte
35,Trumann Brownsill
36,Gerianne Fumagallo
37,Henry Laxton
38,Abby Cracoe
39,Araldo Cathcart
40,Dulcine Gouldie
41,Clara Durbridge
42,Darb Scammonden
43,Phylys Bellany
44,Timmy Banke
45,Jonathon Ranns
46,Britta Screeton
47,Averill Frampton
48,Arron Doucette
49,Leland Clever
50,Nicholas Pinchon
51,Bobbette Boughtflower
52,Bar Barhems
53,Fred Challiss
54,Madonna Rennenbach
55,Tann Hassen
56,Franni Ainsworth
57,Bale Breit
58,Jocko Riccelli
59,Collette Gossage
60,Karel O'Donnell
61,Terrell Duckworth
62,Townsend Munsey
63,Angie Blumsom
64,Rubin Bartles
65,Salvidor Skeermor
66,Rod Deards
67,Anallise Lyttle
68,Carmelina Huckfield
69,Kary Paulich
70,Cirilo Mitchley
71,Davie Lowthian
72,Sven Dilger
73,Bird Crowther
74,Tonia Syversen
75,Vincent Arsey
76,Lesley Lynd
77,Margy Carlisi
78,Ronda Mallabon
79,Jo Gotch
80,Elyssa Van Der Straaten
81,Neill Liven
82,Lonna Robbe
83,Tommy Greenway
84,Charmine Bust
85,Cati Mallam
86,Andreana Riolfi
87,Deonne Risborough
88,Axel Ivanshintsev
89,Delilah Wathan
90,Abra Kidds
91,Everard Coltherd
92,Arne Regler
93,Truman Marzello
94,Fitzgerald Esley
95,Danya Lohde
96,Timothee Sparey
97,Risa Eilhart
98,Glenna Shoebridge
99,Archer Davydychev
100,Mitzi McLardie
101,Iseabal O'Lahy
102,Dmitri Pomeroy
103,Jud Ellse
104,Fayth Mattholie
105,Christiane Shakeshaft
106,Meredith Wakeford
107,Charmine Morland
108,Tybalt Boyson
109,Theo Cancellario
110,Darlene Pye
111,Em Park
112,Ted Beazey
113,Edan Batchelour
114,Dari Burtt
115,Rafe Kobes
116,Torrie Meadway
117,Thorpe Atterbury
118,Fiona Zanotti
119,Nicko Terrell
120,Mirilla Jobin
121,Krissie Ancell
122,Gar Alwell
123,Stafani Gregolin
124,Aloysia Fortescue
125,Vassily Eastmead
126,Royce Orbine
127,Nani Iacopetti
128,Christos Kelsall
129,Eileen Darinton
130,Arliene Stollwerck
131,Gunilla Shimuk
132,Durante McDonagh
133,Kahaleel Sykes
134,Harrie Kimblin
135,Cesya Howey
136,Juliana Pudner
137,Jacquetta Patman
138,Benedicta Bricket
139,Steffie Collete
140,Fairleigh Lawden
141,Gearard Sex
142,Lind Verrell
143,Kalle Setchell
144,Rodrigo Vamplus
145,Nollie Cafferky
146,Brendin Sparrow
147,Terry Tetlow
148,Gayle Croysdale
149,Taddeo Ploughwright
150,Janeen Van der Baaren
151,Culley Mordie
152,Garnette Carberry
153,Andres Tansly
154,Barby Greed
155,Den Danick
156,Starla Halliberton
157,Tracy Pinching
158,Gerrard Reschke
159,Virge Clifford
160,Wallache Downton
161,Chrissy Haney`
162,Arlena Dickins
163,Vivyanne Frere
164,Earl Sennett
165,Pia Iacomo
166,Dionis Neesam
167,Lyssa Frodsam
168,Elisha Bore
169,Dorey McLelland
170,Devy McJerrow
171,Clarita Dossetter
172,Mela Dixson
173,Douglas Oldland
174,Wenda Maidstone
175,Helaine Capes
176,Haze Rosson
177,Salim Ludee
178,Ernie Redmille
179,Damiano Shone
180,Antonius Pinshon
181,Ab Cutteridge
182,Faina Woodfine
183,Giovanna Bartle
184,Niall Kurth
185,Vallie Bediss
186,Bobinette Osborne
187,Hanson Farman
188,Rey Revey
189,Brose Konerding
190,Wes Winskill
191,Cammy Pohls
192,Tomasine MacFarlan
193,Alessandro Gritton
194,Osbourne Ireson
195,Quintana Klarzynski
196,Irma Cranton
197,Bill Ginger
198,Irv Antoniutti
199,Sonja Bolliver
200,Bowie Senecaut
201,Brunhilde Bemrose
202,Stella Bampkin
203,Nesta Phelips
204,Rodie Benitez
205,Pearle McGillivrie
206,Burke Bolingbroke
207,Theodoric Greening
208,Malanie Kelsall
209,Risa Greetland
210,Roger O'Sherrin
211,Isidore Jopke
212,Conny Peckham
213,Marcos Calcott
214,Reinaldos Brisseau
215,Dare Frankish
216,Raye Rickard
217,Darin Wickey
218,Alfi Timeby
219,Joan Goade
220,Della Macilhench
221,Briney Rabl
222,Hesther Karolovsky
223,Loutitia Arniz
224,Griselda Peacock
225,Jeane Suatt
226,Andres Dripps
227,Walton Folk
228,Giustino Quakley
229,Dore Pont
230,Jonell Parry
231,Mattie Gligorijevic
232,Wileen Shildrick
233,Ivory Hicken
234,Raleigh Senett
235,Netty Casewell
236,Jaclyn Johansson
237,Berne Fordham
238,Min Torrijos
239,Marquita Treend
240,Bernie Sweeny
241,Hube Bukowski
242,Devondra Kneal
243,Hakeem Brodie
244,Wallache Bimrose
245,Terence Frugier
246,Seline Rustich
247,Daniele Bosher
248,Price Aizikovitch
249,Meredeth Bourgour
250,Nolie Hawke
251,Hilliard Dane
252,Jarred Mercer
253,Marys McGriffin
254,Tiebout Dickinson
255,Raynell Feye
256,Xymenes Snape
257,Kennan Weippert
258,Bryce Goulstone
259,Mohammed Kopfer
260,Isahella Shaw
261,Paul Ibbetson
262,Essa Garrick
263,Mervin Wellings
264,Cori Brecon
265,Niki Stealfox
266,Kessiah Izzat
267,Daryl Zanioletti
268,Clarisse Cason
269,Correy Harvison
270,Aundrea Potier
271,Giffie Wilkerson
272,Wilone Dono
273,Karlan Finlry
274,Emmaline Dunbleton
275,Lulu Backshaw
276,Casie Anster
277,Maximilien Creaser
278,Clarita Tilson
279,Farlay Bushby
280,Sterne Vezey
281,Crissie Coppen
282,Bartram Loughran
283,Royall Dainton
284,Timofei Greetham
285,Preston Cable
286,Ivor Denidge
287,Deloris Winteringham
288,Gery Camamill
289,Aguste Courtin
290,Rosana Orring
291,Jed Easen
292,Angy Casterton
293,Eilis Anderbrugge
294,Caitrin Hatherley
295,Emile Ourry
296,Ragnar Lalonde
297,Guillemette Valance
298,Horacio Logesdale
299,Donella Roels
300,Giustina Pollak
301,Ikey Danieli
302,Ardelle Lumley
303,Valentine Hallor
304,Luz Sully
305,Neda Lawee
306,Caresse Bundock
307,Hagan Banbrick
308,Othelia Parradine
309,Iorgos Sibbson
310,Glenda Dewire
311,Manya Gabey
312,Eward Bendig
313,Lurette Dalgardno
314,Roderigo Switland
315,Gal Bisgrove
316,Anselma Keates
317,Eunice Snewin
318,Lisa Rabidge
319,Vance McCaskill
320,Janeczka Digginson
321,Nannette Riste
322,Ransom Kitman
323,Nelia Wellington
324,Darill Aldis
325,Bobina Featonby
326,Riobard Poynor
327,Anestassia Dienes
328,Dare Stears
329,Virgie Labrow
330,Ford Pettwood
331,Selia Venard
332,Nelle Folker
333,Yoko Stephens
334,Jeromy Gateshill
335,Valentine Sanday
336,Hildagarde Dytham
337,Jayson Guy
338,Izabel Advani
339,Pattin Persitt
340,Davey Durie
341,Worthy Edel
342,Blake Sackur
343,Sherrie Punton
344,Nickola Patridge
345,Hilarius Bernhardt
346,Loutitia Joberne
347,Myrah Anstie
348,Winfred Alleyne
349,Augustine Twell
350,Araldo Bedham
351,Milo Blazi
352,Lynelle McCarrison
353,Madelon Danilyuk
354,Dwain Grugerr
355,Ruddy Girardin
356,Gwen Softley
357,Tabby Dows
358,Vivi Surridge
359,Selina Ramalhete
360,Howie Sherrett
361,Clem Ginnally
362,Alvira Silkstone
363,Dino O'Mailey
364,Blaire Swale
365,Garwin Stapford
366,Beatrisa Tull
367,Chancey Craighill
368,Giselle Macken
369,Linet Scapelhorn
370,Cherie Matherson
371,Faydra Zannelli
372,Charil Gerardot
373,Kaye Apfelmann
374,Becka Niblo
375,Tiebold Beacon
376,Latashia Haydney
377,Valentine Gulliman
378,Jamison Warry
379,Celisse Fieldsend
380,Victoir Deaves
381,Nathalia Prugel
382,Frazier Jonathon
383,Avivah Sporton
384,Gigi Lochhead
385,Kelila Kordova
386,Humphrey Pettipher
387,Dacy Hatwells
388,Prue Schohier
389,Lyndell Johns
390,Mufi Sifleet
391,Ozzie Gummory
392,Odelinda Devers
393,Vinita Rayne
394,Fowler Plaistowe
395,Reade Blasik
396,Tiebold Spendlove
397,Cissy Skellion
398,Obadias Runchman
399,Julia Schiementz
400,Ambrose Tournie
401,Mirelle Antalffy
402,Timi Shipman
403,Marlie Clay
404,Leonie Piscot
405,Martina Elias
406,Lurleen Naisbet
407,Pauletta Vannoni
408,Berget Baguley
409,Edwin Enderby
410,Debee Boarleyson
411,Lynda Kelland
412,Harwilll Jorczyk
413,Cori Matterdace
414,Ella Meaden
415,Lonnie Chipp
416,Kile Beveredge
417,Ettore Henrion
418,Rhea Scoterbosh
419,Jae Doiley
420,Marya Noir
421,Caddric Schuricht
422,Bond Rann
423,Phillipp Hullin
424,Danielle Reily
425,Orson Bowerman
426,Isabelita Jerome
427,Miguelita O'Daly
428,Haze Sonnenschein
429,Stirling Caroline
430,Filide Churchlow
431,Sherlocke Parkey
432,Boniface Petren
433,Donielle Epinay
434,Derby Sivewright
435,Almeria Shewon
436,Kathrine Dishmon
437,Haily Plail
438,Patsy MacTrustrie
439,Camille Rance
440,Dominik Donkersley
441,Rochelle Waggett
442,Susan Aiskovitch
443,Sayre Linford
444,Gillan Kremer
445,Perry Ife
446,Henka Doman
447,Celesta Llywarch
448,Berte Magrannell
449,Pavel Nolan
450,Sheelagh McFfaden
451,Darsey Sporrij
452,Jacobo Fantonetti
453,Madella Lux
454,Charmane Trundler
455,Cesar Besse
456,Kaylee Killik
457,Isidore Fellnee
458,Towney Amthor
459,Rhona Corston
460,Ginelle Eastope
461,Joshua Dowson
462,Marris Marrow
463,Becca Coultas
464,Timi Broggetti
465,Leyla Stellman
466,Bill Kepe
467,Melinde Trimbey
468,Broddie Van Der Walt
469,Aymer McKissack
470,Web Leyrroyd
471,Stillman Frangello
472,Jodi Packman
473,Cinderella Blesli
474,Willa Farrance
475,Tate Tigner
476,Lambert Aickin
477,Immanuel Breawood
478,Marcela Covert
479,Ellis Cowdery
480,Sonnnie Dimnage
481,Norton Wilkisson
482,Vicky Hammarberg
483,Griffy Stonebridge
484,Euphemia Swede
485,Delmer Flarity
486,Norman Gianullo
487,Sephira Fiorentino
488,Analiese Cuolahan
489,Phillie Brameld
490,Kasper Renn
491,Roosevelt Glencros
492,Fabian Sherrott
493,Cheri Attrey
494,Candice Reame
495,Candice Danilewicz
496,Ash Brisseau
497,Thurston Stroud
498,Jeni Hollingby
499,Pat Fuxman
500,Deni Paur
501,Maribelle Kenneway
502,Caroline Astin
503,Hildy Kalisz
504,Simone Hiley
505,Marylynne Caress
506,Flint Woodsford
507,Hewie Burgot
508,Brenna Elix
509,Osmond Colebrook
510,Jaimie Prynne
511,Bobbi Vanni
512,Becka Ficken
513,Osborne Nevin
514,Nat Cloutt
515,Farand Beaven
516,Wolfgang Treffrey
517,Sal Gossage
518,Tamera Jarvie
519,Arline Phateplace
520,Paulo Verrier
521,Augustin Whittock
522,Blanche Dyble
523,Windham Squibbes
524,Ulysses Acutt
525,Shalne Rosnau
526,Maryjo Davydychev
527,Randie Richie
528,Kaitlin Alanbrooke
529,Debbi Isaac
530,Bat MacElholm
531,Krista Garlinge
532,Ingaborg Mettricke
533,Nealon Tzarkov
534,Elias Thomasen
535,Jordan Dionsetti
536,Eloisa Lillegard
537,Alix Trail
538,Yvette Castelow
539,Shelley Roback
540,Jerrome Syce
541,Ladonna Fills
542,Wesley Loadman
543,Susanna Lockhurst
544,Paton Giacaponi
545,La verne Kalker
546,Carson Hawksby
547,Shannan Antoniat
548,Odell Seer
549,Aaren Brane
550,Katerine Rowan
551,Locke Leinweber
552,Juliane Escolme
553,Esmeralda Wyldbore
554,Cyndi Hambribe
555,Matilde Niblett
556,Corrine Wyburn
557,Kayla Klimas
558,Stephen Boshell
559,Krishna Extal
560,Marian Pottage
561,Mathias Sommer
562,Janella Sigg
563,Eran Inglesent
564,Elfreda Swiers
565,Sheryl Norley
566,Eloisa Sapey
567,Neal Boick
568,Marta Daintrey
569,Thebault Castro
570,Cal Samwaye
571,Doris Parlett
572,Eddi Penhearow
573,Morley Mc Comb
574,Erma Wollaston
575,Palmer Gunthorpe
576,Maure Midden
577,Audi Charles
578,Tansy Stilwell
579,Davey Morston
580,Ange Cursey
581,Dilly Cloney
582,Lucie Danilchenko
583,Kendre Flanagan
584,Christy Steutly
585,Farrand Lacoste
586,Early Ratcliffe
587,Suzann Velareal
588,Josy Wogden
589,Christye Newborn
590,Hammad Buckle
591,Lewes Pickton
592,Jeffrey Bassom
593,Dix Ziemke
594,Rosetta Fries
595,Giralda Rubie
596,Sydney Deam
597,Lambert Wadie
598,Sayer Jaszczak
599,Myrna MacRirie
600,Thain Dring
601,Weston Leheude
602,Emilio Praill
603,Sandie Titchen
604,Nelia Steuhlmeyer
605,Johnathan Quinsee
606,Nadya Kunat
607,Nancy Seaward
608,Niki Tunnow
609,Starr Killiner
610,Adda Viner
611,Viva Antoniottii
612,Dukie McGilvray
613,Kermy MacKellen
614,Janey Pellamonuten
615,Jacquelynn Tetla
616,Deeann Worthy
617,Peyton Salvin
618,Cassandra Alster
619,Curtice Strase
620,Hayward Bullock
621,Lilllie Goodliff
622,Casie Ainslie
623,Addy Goodredge
624,Ludovico Cartwight
625,Arlinda Stegers
626,Zelig Hoff
627,Arleen Dunbobin
628,Zena Ochterlony
629,Corbie Davinet
630,Eachelle Cejka
631,Guillermo Beausang
632,Dayle MacLachlan
633,Orelee Kitt
634,Lemuel Sellers
635,Dominick Angus
636,Vernor Byers
637,Trent Casserley
638,Ari Cordner
639,Garald Leap
640,Jozef Beverley
641,Stephanus Lurcock
642,Isador Minucci
643,Kimmy Alessandrelli
644,Terence Coomes
645,Fionnula Larsen
646,Vincenz Statham
647,Abel Lathey
648,Solly Rudall
649,Jemima Casperri
650,Luce Merali
651,Quinton Herion
652,Valle Panswick
653,Francoise Rozenbaum
654,Sybilla Wyllcocks
655,Lanita Folkerd
656,Edwina Sterrick
657,Elly Bursnoll
658,Richardo Sharrocks
659,Stacy Fitzroy
660,Gris Sheber
661,Annetta Hundy
662,Moyna Shee
663,Vernor Wipper
664,Merry Sollis
665,Henry Swindle
666,Angeli McAne
667,Belva Gulk
668,Cecilius Jefferson
669,Othello Flight
670,Hynda Berriman
671,Hyacinthe Pane
672,Zaneta Fansy
673,Marguerite Woltman
674,Lettie Betho
675,Clive Skures
676,Rose Kubicka
677,Willetta Simmins
678,Wallis Laurentino
679,Naoma Tunbridge
680,Bartlett Nannoni
681,Moishe Kempton
682,Mischa Childerhouse
683,Osbourne Slegg
684,Juliette Comello
685,Curt Base
686,Barbey Gabler
687,Willie McKinlay
688,Sunny Matzl
689,Jesus Lepere
690,Myrtle Haddon
691,Tandy Takle
692,Bryna Crosby
693,Carmella Jime
694,Stephenie Lothean
695,Kendra Dudson
696,Elton Park
697,Larisa Spaduzza
698,Arney Peaseman
699,Fania Mityashev
700,Ronna Sarver
701,Karita Povele
702,Annetta Orable
703,Audra Hockey
704,Sayers Portail
705,Papagena Spriggen
706,Ezri Tilley
707,Rudyard Binding
708,Gustie Scranny
709,Enrika Mannering
710,Verna Akram
711,Jemmy Battman
712,Steffane Roake
713,Kingston Bootyman
714,Homerus Charrington
715,Henderson Ferrone
716,Catherina Donoghue
717,Arlan Hansford
718,Gunner Waddie
719,Wallie Jillard
720,Simonne Frangleton
721,Saunderson Whall
722,Artair Kubat
723,Minnnie Mityushin
724,Guinna Benz
725,Callean Avrashin
726,Tye Gilliard
727,Jonas Gullane
728,Carlynn Inggall
729,Glennis Yanyshev
730,Derk Daybell
731,Millie Brogden
732,Renee Nurcombe
733,Heather Eton
734,Zack Hentzer
735,Faunie Littlejohn
736,Celia Lode
737,Vanessa Skinley
738,Klemens Waplinton
739,Harcourt Kalewe
740,Enriqueta Youens
741,Melody Charity
742,Cher Dymock
743,Bird D'Oyley
744,Lida Czajkowska
745,Boony Shapland
746,Becca Spurman
747,Isabeau Binge
748,Jillayne Pistol
749,Marnie Lansly
750,Towney Grinyakin
751,Dall Melmore
752,Flora McRonald
753,Jourdan Mangan
754,Jaimie Coltman
755,Antonina Glynne
756,Shirline Stares
757,Dillon Byng
758,Bidget Brant
759,Kane Haining
760,Tally Eblein
761,Gerhardine Oman
762,Noemi Mengue
763,Marta Ollivier
764,Sigvard Bang
765,Phelia Hayhurst
766,Mario Blest
767,Rosina Grinvalds
768,Dulsea Brattell
769,Isobel Penrith
770,Kara-lynn Drain
771,Karin Sorrill
772,Sapphira Volkers
773,Alyosha Lythgoe
774,Klarika Philipeaux
775,Frants Wernher
776,Sadye Zimmerman
777,Marci Carloni
778,Benedict Yeudall
779,Esther Radolf
780,Austin Grafhom
781,Keven Stubbins
782,Rosana While
783,Dorette McCart
784,Peria Smitham
785,Leese Cressar
786,Averyl Woliter
787,Kristi Gadesby
788,Abramo Cona
789,Blanca Cruickshank
790,Chrissie Battey
791,Graeme Hastings
792,Neila Rimour
793,Darell Dickson
794,Brodie Plaid
795,Katerine Oselton
796,Beverlee Klampk
797,Marieann Mertsching
798,Nalani Di Biasi
799,Gipsy Facchini
800,Leesa Chese
801,Morganica Fosdick
802,Chilton Cusworth
803,Sena Ibeson
804,Riobard Lequeux
805,Freemon Warren
806,Bobbie Gummoe
807,Orran Winning
808,Ashia Brownsword
809,Claudianus Ossenna
810,Emmanuel Kyte
811,Manya Cavan
812,Adolphus MacKnight
813,Hurlee Silvester
814,Becka Tweedell
815,Rosita Toop
816,Lynde Bariball
817,Kristin Ringer
818,Dulcea Faussett
819,Viviyan Rebillard
820,Minnie Brager
821,Melly Bonafant
822,Neila Kohrsen
823,Jeffy Gatland
824,Emelia McUre
825,Naomi Grenshields
826,Fairlie Killeen
827,Randie Stempe
828,Rainer Dittson
829,Floyd Duffield
830,Hewitt Oliffe
831,Myron Lardnar
832,Enrique Mapples
833,Melesa Blaydon
834,Essa Schimke
835,Westbrooke Carne
836,Sophia Fraschini
837,Kristina Romke
838,Karly Kenset
839,Alex Pedgrift
840,Tybie Moniker
841,Ryan D'Agostini
842,Pincus Llop
843,Merle Muggach
844,Thomasina Oldred
845,Land Addekin
846,Esma Keri
847,Susana Haestier
848,Ulrich Woodwing
849,Augustus Zorn
850,Anitra Binch
851,Tanhya Ibel
852,Micaela Caskie
853,Alano Ivakin
854,Byrle Sivorn
855,Guglielma Cabble
856,Ceciley Bonnor
857,Russell Kick
858,Annissa Wilstead
859,Goldi Hurton
860,Rooney Foldes
861,Brianne Armatage
862,Dulcinea Guislin
863,Dillie Skingley
864,Caz Ellerey
865,Cristie Tzar
866,Pamella Hobgen
867,Amabelle Culp
868,Babb Coughlan
869,Ber Mccaull
870,Kristoforo Sells
871,Jillana Leel
872,Grissel Pershouse
873,Gradeigh Fabbri
874,Timofei Ianizzi
875,Cally Goeff
876,Maybelle Buckle
877,Xenos Sampson
878,Lucy Clarey
879,Irv Sutch
880,Sloane Crommett
881,Cordelia Pelman
882,Gregg Combes
883,Neile Gyngyll
884,Morissa Polkinghorne
885,Giovanna Southern
886,Orion Prudham
887,Kare Hazart
888,Wrennie Snazel
889,Marabel Elvish
890,Nealy Prowse
891,Hyatt Jacobowitz
892,Demetris Davenhill
893,Major Lytell
894,Cornell Oppery
895,Chanda Room
896,Tasia Furphy
897,Xavier Triplet
898,Catharine Hedworth
899,Cybil Sainsbury
900,Cobbie Fahey
901,Vale Fenty
902,Roley Dossett
903,Brit Pedracci
904,Karalynn Pretti
905,Chelsey Dickon
906,Phillip Heinreich
907,Tomaso Baggarley
908,Eloisa Kittley
909,Damon Gilbride
910,Shirlee Lording
911,Gertruda Navarre
912,Laird Coakley
913,Curtice Realy
914,Martie Calbrathe
915,Morey Theobald
916,Maegan Isley
917,Cornela Drohun
918,Pennie Canter
919,Lovell Jinda
920,Emmet Sommerfeld
921,Britteny Klimkovich
922,Elfrieda Jaine
923,Glenden Pochet
924,Ivy Sansam
925,Zonda Emblow
926,Aubrey Avarne
927,Star Hansill
928,Gwen Missington
929,Lola Castelijn
930,Kurt Crowcroft
931,Dru Hyatt
932,Delia Shellcross
933,Jeannine Vedyasov
934,Raffarty Alexandre
935,Karin Tuison
936,Aimil Pecht
937,Bryce Cruden
938,Xylina Leonarde
939,Rosemonde Raittie
940,Obidiah Bratcher
941,Abigail Daborne
942,Darlene Helversen
943,Heath Swetland
944,Quinton Chesters
945,Esmaria Josselsohn
946,Jasmine Downes
947,Marieann Flory
948,Hyatt Kingsman
949,Alfredo Pavy
950,Sandor Humbatch
951,Gabe Skeen
952,Evin Pacheco
953,Carin Pylkynyton
954,Dianemarie Cornes
955,Paolo Prater
956,Herta Neath
957,Duffy Caulton
958,Rob Lindstrom
959,Edy Chichgar
960,Jacenta Kettel
961,Northrop Shave
962,Sutherlan Storrar
963,Ula Bessant
964,Jeanette Hawsby
965,Conny Splaven
966,Rosalinde Piddocke
967,Joelly Foskin
968,Corbie Bearham
969,Carissa Triggle
970,Win Zecchinii
971,Lonny Wehnerr
972,Jacquelyn Bride
973,Karina Borrill
974,Nathan Pattisson
975,Milzie Cheverton
976,Francoise Attwill
977,Morse Martynov
978,Joachim Beckett
979,Pinchas Coram
980,Auguste Hamner
981,Earl Foffano
982,Cassi Bainton
983,Dacey Carrigan
984,Ag Folbig
985,Blancha Counter
986,Hansiain Mammatt
987,Kelsey Castelijn
988,Xymenes Litzmann
989,Fredrika Mephan
990,Allyn O'Feeny
991,Alejandrina Brookes
992,Burnard Fellman
993,Agata Moynihan
994,Bibbye Norfolk
995,Susanna Polley
996,Desmond Moynihan
997,Marcy Dashwood
998,Raviv Jacklings
999,Edan Messenger
1000,Clyve Domonkos
1001,Maurizio Gomby
1002,Devlen D'Adda
1003,Nelson Barnsdall
1004,Tilda Jacobovitch
1005,Ker Dagger
1006,Walsh Ox
1007,El Van Hove
1008,Elsey Chamberlayne
1009,Ferd Eustes
1010,Vinnie Mahedy
1011,Kynthia Morehall
1012,Efrem Cawcutt
1013,Sasha Newsham
1014,Imojean Wheatcroft
1015,Sianna Schult
1016,Noel Freestone
1017,Venus Warkup
1018,Cariotta Tapper
1019,Royal Myott
1020,Katey Revie
1021,Patsy Sopper
1022,Marybeth Rodinger
1023,Starlene Humphries
1024,Hilda Stanistrete
1025,Loraine MacGruer
1026,Pammie Bovey
1027,Nomi Hertwell
1028,Terencio Rissom
1029,Brunhilda Franciskiewicz
1030,Cirstoforo Cambell
1031,Mitchael Petera
1032,Luce Illesley
1033,Tonye Feld
1034,Ronna Crolla
1035,Joly Mallord
1036,Norene Prover
1037,Adriaens Harsnep
1038,Laraine Hehl
1039,Donetta Ioselevich
1040,Juline Dunphie
1041,Hubey Widdows
1042,Hayes Nenci
1043,Briant Salvage
1044,Putnam Ambrodi
1045,Perla Denty
1046,Leona Tacon
1047,Morry Allin
1048,Daffie Davage
1049,Leah Firle
1050,Jewell Kubach
1051,Trish Gyppes
1052,Micheil Skegg
1053,Shanie Hugin
1054,Alon d' Eye
1055,Sandye Spottiswoode
1056,Nessy Bewsy
1057,Dionysus Duplock
1058,Den Holson
1059,Evangelia Karpmann
1060,Torrance McKelvey
1061,Dana Pinke
1062,Herschel Mackro
1063,Sharity Gammie
1064,Georgeanna Caulwell
1065,Eduardo Furze
1066,Neille Day
1067,Davida Hasslocher
1068,Pedro Clayfield
1069,Cornall Kesby
1070,Gayla Poyser
1071,Joni Woakes
1072,Carin Hiddersley
1073,Jephthah Samsin
1074,Nikolos Percifull
1075,Agosto Bunney
1076,Paten Bole
1077,Calvin Simoneschi
1078,Porty Lambrechts
1079,Filberte Toxell
1080,Brittany Buffy
1081,Ursa Shrimpton
1082,Edouard Quartermain
1083,Yasmin Gerkens
1084,Alyss Mullane
1085,Manon Ealam
1086,Angelia Wilder
1087,Abramo Kinch
1088,Irina Mounsie
1089,Edy Moller
1090,Neils Blake
1091,Fons Fausset
1092,Victoir Knagges
1093,Cooper Pilcher
1094,Reginald Saunt
1095,Theadora Proback
1096,Kassi Woodfine
1097,Pattin Buttler
1098,Aristotle Alwin
1099,Robers Custed
1100,Robinetta Kibbee
1101,Rora Unthank
1102,Colan Happs
1103,Opaline Gant
1104,Maxim Bellee
1105,Warden Odgaard
1106,Jock Kopacek
1107,Clark Scane
1108,Steven Fletcher
1109,Bonnibelle Mannakee
1110,Ainsley Healks
1111,Emmet Neem
1112,Elka Piatek
1113,Stevana Balsom
1114,Owen Pedroli
1115,Salvatore Roistone
1116,Pavia Handscomb
1117,Ardine Rouzet
1118,Elisha Belitz
1119,Jessie Harrison
1120,Guy Malshinger
1121,Noel Hubberstey
1122,Tomaso Halbord
1123,Kurt Lackington
1124,Burt Brabin
1125,Cherianne Jewitt
1126,Gael Bampkin
1127,Ryley Guirau
1128,Anthe Errey
1129,Gerek Kiwitz
1130,Dynah Guiduzzi
1131,Amelita Hoyland
1132,Brigid Piercey
1133,Dasya Cossell
1134,Minnaminnie Milkeham
1135,Tedmund Chaize
1136,Tallie Bass
1137,Tobi Casel
1138,Percy Luppitt
1139,Kippy Korous
1140,Deb Sailer
1141,Sydel Strangwood
1142,Douglas Bartoszek
1143,Talyah Ledingham
1144,Brynne Didball
1145,Alfy Poge
1146,Hyacintha Blayd
1147,Agneta Chat
1148,Tori Burtonshaw
1149,Nanice Slaney
1150,Katti Younglove
1151,Gweneth Writer
1152,Ephraim Phillcock
1153,Amity Provest
1154,Giselle McGeechan
1155,Ondrea Runnicles
1156,Ertha Bett
1157,Lucita Propper
1158,Edythe MacCaig
1159,Garvin Broy
1160,Mel Limon
1161,Suzy Boldra
1162,Gideon Dukelow
1163,Kearney Jewitt
1164,Linzy Murrell
1165,Patten Muzzlewhite
1166,Karlyn Bugdall
1167,Kerk Memmory
1168,Elwood Batter
1169,Deane Geydon
1170,Donovan Kenworthey
1171,Gale McKimm
1172,Gill Heckle
1173,Florette Brouwer
1174,Nona Finden
1175,Fernando Overland
1176,Margot Barling
1177,Tracy Shipsey
1178,Keir Telega
1179,Sol Kenealy
1180,Charil Dell Casa
1181,Dode Bard
1182,Frants Rucklidge
1183,Estevan Drought
1184,Gonzalo Allans
1185,Atalanta Simonyi
1186,Kahaleel Crosi
1187,Cammy Avramovsky
1188,Hollie Roxby
1189,Wyatt Kurtis
1190,Waly Dyzart
1191,Arlin Topling
1192,Lucien Andreoletti
1193,Udell Abramcik
1194,Ambros Pollington
1195,Moises Wyson
1196,Maryann Jovicevic
1197,Mathian Marriner
1198,Evita Mustill
1199,Britt Kirrage
1200,Delly MacCracken
1201,Elisabetta Stichel
1202,Pooh Hanaford
1203,Arden Shevill
1204,Ring Skaid
1205,Cynthia Liver
1206,Chev Panons
1207,Winfield Rymmer
1208,Gregoire Cota
1209,Humbert Sutton
1210,Elizabeth Ruddock
1211,Donall Steaning
1212,Burnard Knight
1213,Bale Lethbridge
1214,Rickert Brannigan
1215,Merrick Farguhar
1216,Fanchette Hailes
1217,Raul Gerrill
1218,Riva Halesworth
1219,Ced Paulillo
1220,Lorry Proom
1221,Crissy Ottosen
1222,Kipp Ashment
1223,Alain Plan
1224,Norrie De La Hay
1225,Nicoli Lenchenko
1226,Lanie Wagerfield
1227,Kermie Mates
1228,Brennen Slyford
1229,Mabelle Elvy
1230,Lilith Thornewill
1231,Christos Hoofe
1232,Davidde Zywicki
1233,Noble Joubert
1234,Car Torri
1235,Jorgan Cadalleder
1236,Sheppard Lackinton
1237,Bethany Drewery
1238,Chip Glinde
1239,Minerva Laybourne
1240,Krishna Cubbit
1241,Nicholas Burgyn
1242,Emili Dooley
1243,Gussy Feare
1244,Yardley Curwood
1245,Auguste Hollyar
1246,Christine Wordsley
1247,Velvet Landeaux
1248,Kai Threadgold
1249,Mahalia Millea
1250,Marinna Aysik
1251,Maxy Levin
1252,Mildrid Comford
1253,Kial Gadsdon
1254,Ynez Linke
1255,Pancho Simione
1256,D'arcy Shailer
1257,Cherie Latliff
1258,Florian McLaggan
1259,Benny Maund
1260,Ash Jantel
1261,Lissie Chipman
1262,Pearce Pree
1263,Ara Moscrop
1264,Livy Vance
1265,Kellsie Lochrie
1266,Rutter Crisell
1267,Judas Ogilvie
1268,Vyky Jiles
1269,Chandler Battill
1270,Glad Bulfit
1271,Ellery Frankish
1272,Dannel Bent
1273,Bronny O Mullen
1274,Carlina Riddel
1275,Garwood Heaps
1276,Mariette Darey
1277,Damara Dy
1278,Ginny Backes
1279,Carleen Petrichat
1280,Tiffy Nason
1281,Ardeen Castiello
1282,Dixie Greenhowe
1283,Anders Gillett
1284,Troy Blight
1285,Barris Cansdale
1286,Levin Keenan
1287,Betti Tootell
1288,Kenton Gamlen
1289,Guy Auchterlony
1290,Cordy Connolly
1291,Florencia Josefsohn
1292,Heywood Ponten
1293,Maitilde Middell
1294,Edwina Tombleson
1295,Lesli Dumbrall
1296,Billie Macartney
1297,Gabriella Glandfield
1298,Matty Kibblewhite
1299,Axe Kilvington
1300,Colline Trowsdale
1301,Joellyn Dunphy
1302,Trina Witchalls
1303,Tabby Everson
1304,Emelda Pleuman
1305,Babara Alsina
1306,Armstrong McGoon
1307,Drucill Wodham
1308,Jenn Ros
1309,Gusella Mathwin
1310,Gabi Kellock
1311,Cherilynn Ridges
1312,Christoph Wayte
1313,Roarke Guenther
1314,Dewain Powdrill
1315,Joela Stockton
1316,Carlye Sandes
1317,Tallie Santhouse
1318,Maurise Bill
1319,Katina Magrannell
1320,Sophronia Pyott
1321,Aluino Clutterbuck
1322,Tansy Spellar
1323,Marion Bigglestone
1324,Friedrich Peachey
1325,Ralph Jellico
1326,Batsheva MacAlester
1327,Loralyn Colquete
1328,Helsa Donneely
1329,Beatrice Weale
1330,Merell Ebbrell
1331,Rube Gookey
1332,Freddi Chadband
1333,Giffer Poynser
1334,Fulvia Stygall
1335,Daven Trustie
1336,Bord Dellow
1337,Geoff Uzzell
1338,Joana Parysiak
1339,Keefe Gippes
1340,Ernie Randal
1341,Casi Reinisch
1342,Elliott Pinkie
1343,Had Ireson
1344,Jourdan Dinse
1345,Rickie Airs
1346,Itch Flounders
1347,Joella Wareham
1348,Drusy Voisey
1349,Ingmar Andriuzzi
1350,Nerte Dyhouse
1351,Dewain Quirk
1352,Norry O'Connor
1353,Debi O' Donohue
1354,Marsh Fortman
1355,Merilee Blincow
1356,Luca Booth-Jarvis
1357,Gavin Goodricke
1358,Conny Ronayne
1359,Kinna Wagg
1360,Rube Abramin
1361,Nil Haugeh
1362,Jeremiah Salle
1363,Emeline Woodroffe
1364,Sibby Croom
1365,Ulises Sussems
1366,Wright Dutteridge
1367,Louie Laycock
1368,Ernesta Jurisch
1369,Vitoria Yardley
1370,Loren Farens
1371,Felizio Coleridge
1372,Jakie Dows
1373,Jeanine Mottini
1374,Ayn Cotilard
1375,Freddi Raymont
1376,Melesa Frew
1377,Rufe Vallintine
1378,Verena Belderfield
1379,Reinaldos Waycot
1380,Leroy Gronous
1381,Mara Kropach
1382,Evangelina Cornils
1383,Corabel Sumpton
1384,Valli Diano
1385,Franciskus Carluccio
1386,Lon Whiff
1387,Anny Baynes
1388,Enoch De Cruz
1389,Ned Horstead
1390,Gordy Britney
1391,Teodor Yven
1392,Corbie Shevels
1393,Tine Gracewood
1394,Isiahi Ribey
1395,Ruggiero Allwright
1396,Britney Slade
1397,Lanae Sans
1398,Ara Bachs
1399,Lynnelle Itzik
1400,Hillary Degoy
1401,Sunny Cuttings
1402,Hammad Forri
1403,Keriann Hendrikse
1404,Addie Gouldstone
1405,Corney Clilverd
1406,Corina Bowden
1407,Angelique Filoniere
1408,Beilul Sandwick
1409,Elysia Cornehl
1410,Berti Nazer
1411,Erhard Grigoroni
1412,Tarah Alfonsini
1413,Ceil Yakubovics
1414,Gwenore Paulazzi
1415,Ingaberg Cescotti
1416,Jose Raisbeck
1417,Claudine Fearby
1418,Gabriel Blaasch
1419,Cammie Overy
1420,Abba Newcom
1421,Kaylyn Biasio
1422,Marguerite Smeeth
1423,Madeleine Gyngyll
1424,Dudley Rainbow
1425,Reta Korneichik
1426,Blondy Oldridge
1427,Esma Prescott
1428,Nick Fluit
1429,Rossy Bassom
1430,Spenser Bastian
1431,Katusha Sustin
1432,Holly Moreland
1433,Marwin Burnham
1434,Yolane Sammars
1435,Edin Raddenbury
1436,Salmon Rummery
1437,Cynde Sykora
1438,Codi Millership
1439,Nonna Highway
1440,Domenic Shickle
1441,Ravi McPhillimey
1442,Dawn Vaughan-Hughes
1443,Kerrill Klimmek
1444,Felicio Kitson
1445,Brandy Farrent
1446,Rudie Pallent
1447,Kendrick Gotecliffe
1448,Korry Mintrim
1449,Donn Officer
1450,Flory Besnard
1451,Lee Whatmough
1452,Katerine Buston
1453,Dasya Miall
1454,Eduardo Shepheard
1455,Shelba Cholton
1456,Vittoria Maciak
1457,Raimund Walstow
1458,Thibaut McGilroy
1459,Claybourne Knee
1460,Toma Docket
1461,Amity Barribal
1462,Emmalee Winks
1463,Tome Littleton
1464,Paco Mateus
1465,Eolanda Heaviside
1466,Huntington Tripe
1467,Danice Whyberd
1468,Micheal Speechly
1469,Simeon Mellmoth
1470,Bevvy Chatwin
1471,Shepherd Cottrill
1472,Bernhard Anelay
1473,Maureene McCuish
1474,Benoite Malloy
1475,Rani Favill
1476,Fay Croydon
1477,Denny Omond
1478,Gibby Matys
1479,Jelene Regi
1480,Clarey Chetwind
1481,Cornell Mastrantone
1482,Fredi Filipowicz
1483,Lanna Pagin
1484,Kyla Verney
1485,Phyllida Dallander
1486,Hildagard Pymar
1487,Matt Josiah
1488,Zack Biggs
1489,Blinny Iacobetto
1490,Gwennie Dunabie
1491,Madalena Lannin
1492,Hettie Malecky
1493,Charo McOnie
1494,Hinda Gooly
1495,Madelyn Odlin
1496,Coriss Jerrard
1497,Gayelord L'argent
1498,Bria Erb
1499,Ninette Corney
1500,Theresita Douthwaite
1501,Garner Egleton
1502,Christophorus Chatainier
1503,Maude Lumsdaine
1504,Reese Ovill
1505,Nadeen Reynault
1506,Boyce Colnet
1507,Guglielma Gullifant
1508,Viviana Schistl
